<TextureAtlas imagePath="spritesheet_default.png">
	<SubTexture name="bush1.png" x="419" y="950" width="120" height="60"/>
	<SubTexture name="bush2.png" x="0" y="1051" width="53" height="44"/>
	<SubTexture name="bush3.png" x="725" y="511" width="59" height="52"/>
	<SubTexture name="bush4.png" x="871" y="1034" width="50" height="46"/>
	<SubTexture name="bushAlt1.png" x="0" y="1004" width="141" height="47"/>
	<SubTexture name="bushAlt2.png" x="405" y="156" width="45" height="55"/>
	<SubTexture name="bushAlt3.png" x="961" y="978" width="43" height="53"/>
	<SubTexture name="bushAlt4.png" x="921" y="1034" width="50" height="48"/>
	<SubTexture name="bushOrange1.png" x="281" y="156" width="124" height="59"/>
	<SubTexture name="bushOrange2.png" x="641" y="595" width="56" height="46"/>
	<SubTexture name="bushOrange3.png" x="725" y="563" width="56" height="52"/>
	<SubTexture name="bushOrange4.png" x="53" y="1051" width="50" height="35"/>
	<SubTexture name="cactus1.png" x="624" y="866" width="96" height="139"/>
	<SubTexture name="cactus2.png" x="720" y="866" width="71" height="135"/>
	<SubTexture name="cactus3.png" x="893" y="901" width="68" height="133"/>
	<SubTexture name="castleSmall.png" x="527" y="1010" width="108" height="85"/>
	<SubTexture name="castleSmallAlt.png" x="419" y="1010" width="108" height="85"/>
	<SubTexture name="castleWall.png" x="539" y="947" width="60" height="60"/>
	<SubTexture name="castleWallAlt.png" x="141" y="1004" width="60" height="60"/>
	<SubTexture name="cloud1.png" x="250" y="365" width="203" height="121"/>
	<SubTexture name="cloud2.png" x="281" y="0" width="196" height="156"/>
	<SubTexture name="cloud3.png" x="0" y="865" width="216" height="139"/>
	<SubTexture name="cloud4.png" x="0" y="363" width="250" height="146"/>
	<SubTexture name="cloud5.png" x="216" y="950" width="203" height="121"/>
	<SubTexture name="cloud6.png" x="445" y="486" width="196" height="156"/>
	<SubTexture name="cloud7.png" x="0" y="726" width="216" height="139"/>
	<SubTexture name="cloud8.png" x="0" y="217" width="250" height="146"/>
	<SubTexture name="fence.png" x="453" y="403" width="104" height="77"/>
	<SubTexture name="fenceIron.png" x="477" y="0" width="120" height="121"/>
	<SubTexture name="house1.png" x="216" y="726" width="208" height="224"/>
	<SubTexture name="house2.png" x="0" y="0" width="281" height="217"/>
	<SubTexture name="houseAlt1.png" x="624" y="642" width="168" height="224"/>
	<SubTexture name="houseAlt2.png" x="0" y="509" width="241" height="217"/>
	<SubTexture name="houseSmall1.png" x="521" y="642" width="76" height="50"/>
	<SubTexture name="houseSmall2.png" x="719" y="1005" width="76" height="70"/>
	<SubTexture name="houseSmallAlt1.png" x="445" y="642" width="76" height="50"/>
	<SubTexture name="houseSmallAlt2.png" x="795" y="991" width="76" height="70"/>
	<SubTexture name="moon.png" x="557" y="403" width="78" height="80"/>
	<SubTexture name="moonFull.png" x="641" y="511" width="84" height="84"/>
	<SubTexture name="pyramid.png" x="241" y="509" width="204" height="200"/>
	<SubTexture name="pyramidMayan.png" x="250" y="217" width="204" height="148"/>
	<SubTexture name="sun.png" x="635" y="1005" width="84" height="84"/>
	<SubTexture name="tower.png" x="975" y="488" width="73" height="245"/>
	<SubTexture name="towerAlt.png" x="975" y="733" width="73" height="245"/>
	<SubTexture name="towerSmall.png" x="1004" y="978" width="38" height="90"/>
	<SubTexture name="towerSmallAlt.png" x="1029" y="0" width="38" height="90"/>
	<SubTexture name="tree.png" x="853" y="233" width="94" height="204"/>
	<SubTexture name="treeDead.png" x="454" y="156" width="172" height="247"/>
	<SubTexture name="treeFrozen.png" x="838" y="0" width="94" height="233"/>
	<SubTexture name="treeLong.png" x="947" y="0" width="82" height="249"/>
	<SubTexture name="treeLongFrozen.png" x="893" y="686" width="82" height="215"/>
	<SubTexture name="treeLongOrange.png" x="893" y="437" width="82" height="249"/>
	<SubTexture name="treeLongSnow.png" x="975" y="249" width="82" height="239"/>
	<SubTexture name="treeOrange.png" x="792" y="732" width="101" height="259"/>
	<SubTexture name="treePalm.png" x="424" y="709" width="200" height="238"/>
	<SubTexture name="treePine.png" x="732" y="0" width="106" height="254"/>
	<SubTexture name="treePineFrozen.png" x="626" y="0" width="106" height="257"/>
	<SubTexture name="treePineOrange.png" x="641" y="257" width="106" height="254"/>
	<SubTexture name="treePineSnow.png" x="747" y="254" width="106" height="247"/>
	<SubTexture name="treeSmall_green1.png" x="103" y="1051" width="20" height="43"/>
	<SubTexture name="treeSmall_green2.png" x="597" y="65" width="23" height="68"/>
	<SubTexture name="treeSmall_green3.png" x="971" y="1031" width="30" height="49"/>
	<SubTexture name="treeSmall_greenAlt1.png" x="599" y="947" width="20" height="43"/>
	<SubTexture name="treeSmall_greenAlt2.png" x="597" y="0" width="23" height="65"/>
	<SubTexture name="treeSmall_greenAlt3.png" x="1029" y="90" width="30" height="49"/>
	<SubTexture name="treeSmall_orange1.png" x="697" y="595" width="20" height="43"/>
	<SubTexture name="treeSmall_orange2.png" x="597" y="642" width="23" height="61"/>
	<SubTexture name="treeSmall_orange3.png" x="853" y="437" width="30" height="49"/>
	<SubTexture name="treeSnow.png" x="792" y="501" width="101" height="231"/>
</TextureAtlas>